crop,year,control_mode,start_hour,battery_nameplate,battery_eff_kwh,irrigation_days,met_days,unfulfilled_days,fulfillment_pct
cassava,2018,continuous-run,6,2.0,1.7,94,19,75,20.2
cassava,2018,continuous-run,7,2.0,1.7,94,47,47,50.0
cassava,2018,continuous-run,8,2.0,1.7,94,73,21,77.7
cassava,2018,continuous-run,9,2.0,1.7,94,94,0,100.0
cassava,2018,continuous-run,10,2.0,1.7,94,88,6,93.6
cassava,2018,continuous-run,11,2.0,1.7,94,75,19,79.8
cassava,2018,continuous-run,12,2.0,1.7,94,55,39,58.5
cassava,2018,continuous-run,13,2.0,1.7,94,42,52,44.7
cassava,2018,continuous-run,14,2.0,1.7,94,33,61,35.1
cassava,2019,continuous-run,6,2.0,1.7,89,9,80,10.1
cassava,2019,continuous-run,7,2.0,1.7,89,40,49,44.9
cassava,2019,continuous-run,8,2.0,1.7,89,68,21,76.4
cassava,2019,continuous-run,9,2.0,1.7,89,87,2,97.8
cassava,2019,continuous-run,10,2.0,1.7,89,84,5,94.4
cassava,2019,continuous-run,11,2.0,1.7,89,72,17,80.9
cassava,2019,continuous-run,12,2.0,1.7,89,60,29,67.4
cassava,2019,continuous-run,13,2.0,1.7,89,46,43,51.7
cassava,2019,continuous-run,14,2.0,1.7,89,30,59,33.7
cassava,2020,continuous-run,6,2.0,1.7,101,18,83,17.8
cassava,2020,continuous-run,7,2.0,1.7,101,55,46,54.5
cassava,2020,continuous-run,8,2.0,1.7,101,79,22,78.2
cassava,2020,continuous-run,9,2.0,1.7,101,97,4,96.0
cassava,2020,continuous-run,10,2.0,1.7,101,94,7,93.1
cassava,2020,continuous-run,11,2.0,1.7,101,79,22,78.2
cassava,2020,continuous-run,12,2.0,1.7,101,59,42,58.4
cassava,2020,continuous-run,13,2.0,1.7,101,52,49,51.5
cassava,2020,continuous-run,14,2.0,1.7,101,34,67,33.7
cassava,2021,continuous-run,6,2.0,1.7,81,10,71,12.3
cassava,2021,continuous-run,7,2.0,1.7,81,39,42,48.1
cassava,2021,continuous-run,8,2.0,1.7,81,66,15,81.5
cassava,2021,continuous-run,9,2.0,1.7,81,79,2,97.5
cassava,2021,continuous-run,10,2.0,1.7,81,70,11,86.4
cassava,2021,continuous-run,11,2.0,1.7,81,63,18,77.8
cassava,2021,continuous-run,12,2.0,1.7,81,50,31,61.7
cassava,2021,continuous-run,13,2.0,1.7,81,41,40,50.6
cassava,2021,continuous-run,14,2.0,1.7,81,33,48,40.7
cassava,2022,continuous-run,6,2.0,1.7,88,18,70,20.5
cassava,2022,continuous-run,7,2.0,1.7,88,45,43,51.1
cassava,2022,continuous-run,8,2.0,1.7,88,65,23,73.9
cassava,2022,continuous-run,9,2.0,1.7,88,84,4,95.5
cassava,2022,continuous-run,10,2.0,1.7,88,78,10,88.6
cassava,2022,continuous-run,11,2.0,1.7,88,63,25,71.6
cassava,2022,continuous-run,12,2.0,1.7,88,52,36,59.1
cassava,2022,continuous-run,13,2.0,1.7,88,46,42,52.3
cassava,2022,continuous-run,14,2.0,1.7,88,37,51,42.0
cassava,2023,continuous-run,6,2.0,1.7,75,14,61,18.7
cassava,2023,continuous-run,7,2.0,1.7,75,45,30,60.0
cassava,2023,continuous-run,8,2.0,1.7,75,60,15,80.0
cassava,2023,continuous-run,9,2.0,1.7,75,74,1,98.7
cassava,2023,continuous-run,10,2.0,1.7,75,74,1,98.7
cassava,2023,continuous-run,11,2.0,1.7,75,66,9,88.0
cassava,2023,continuous-run,12,2.0,1.7,75,47,28,62.7
cassava,2023,continuous-run,13,2.0,1.7,75,37,38,49.3
cassava,2023,continuous-run,14,2.0,1.7,75,26,49,34.7
cassava,2024,continuous-run,6,2.0,1.7,23,4,19,17.4
cassava,2024,continuous-run,7,2.0,1.7,23,10,13,43.5
cassava,2024,continuous-run,8,2.0,1.7,23,15,8,65.2
cassava,2024,continuous-run,9,2.0,1.7,23,22,1,95.7
cassava,2024,continuous-run,10,2.0,1.7,23,22,1,95.7
cassava,2024,continuous-run,11,2.0,1.7,23,23,0,100.0
cassava,2024,continuous-run,12,2.0,1.7,23,22,1,95.7
cassava,2024,continuous-run,13,2.0,1.7,23,21,2,91.3
cassava,2024,continuous-run,14,2.0,1.7,23,16,7,69.6
tomato,2018,continuous-run,6,2.0,1.7,57,2,55,3.5
tomato,2018,continuous-run,7,2.0,1.7,57,14,43,24.6
tomato,2018,continuous-run,8,2.0,1.7,57,38,19,66.7
tomato,2018,continuous-run,9,2.0,1.7,57,51,6,89.5
tomato,2018,continuous-run,10,2.0,1.7,57,37,20,64.9
tomato,2018,continuous-run,11,2.0,1.7,57,30,27,52.6
tomato,2018,continuous-run,12,2.0,1.7,57,28,29,49.1
tomato,2018,continuous-run,13,2.0,1.7,57,16,41,28.1
tomato,2018,continuous-run,14,2.0,1.7,57,10,47,17.5
tomato,2019,continuous-run,6,2.0,1.7,50,0,50,0.0
tomato,2019,continuous-run,7,2.0,1.7,50,10,40,20.0
tomato,2019,continuous-run,8,2.0,1.7,50,31,19,62.0
tomato,2019,continuous-run,9,2.0,1.7,50,44,6,88.0
tomato,2019,continuous-run,10,2.0,1.7,50,30,20,60.0
tomato,2019,continuous-run,11,2.0,1.7,50,24,26,48.0
tomato,2019,continuous-run,12,2.0,1.7,50,18,32,36.0
tomato,2019,continuous-run,13,2.0,1.7,50,11,39,22.0
tomato,2019,continuous-run,14,2.0,1.7,50,8,42,16.0
tomato,2020,continuous-run,6,2.0,1.7,46,1,45,2.2
tomato,2020,continuous-run,7,2.0,1.7,46,10,36,21.7
tomato,2020,continuous-run,8,2.0,1.7,46,23,23,50.0
tomato,2020,continuous-run,9,2.0,1.7,46,36,10,78.3
tomato,2020,continuous-run,10,2.0,1.7,46,27,19,58.7
tomato,2020,continuous-run,11,2.0,1.7,46,23,23,50.0
tomato,2020,continuous-run,12,2.0,1.7,46,16,30,34.8
tomato,2020,continuous-run,13,2.0,1.7,46,10,36,21.7
tomato,2020,continuous-run,14,2.0,1.7,46,5,41,10.9
tomato,2021,continuous-run,6,2.0,1.7,47,1,46,2.1
tomato,2021,continuous-run,7,2.0,1.7,47,13,34,27.7
tomato,2021,continuous-run,8,2.0,1.7,47,26,21,55.3
tomato,2021,continuous-run,9,2.0,1.7,47,35,12,74.5
tomato,2021,continuous-run,10,2.0,1.7,47,29,18,61.7
tomato,2021,continuous-run,11,2.0,1.7,47,25,22,53.2
tomato,2021,continuous-run,12,2.0,1.7,47,21,26,44.7
tomato,2021,continuous-run,13,2.0,1.7,47,13,34,27.7
tomato,2021,continuous-run,14,2.0,1.7,47,10,37,21.3
tomato,2022,continuous-run,6,2.0,1.7,52,0,52,0.0
tomato,2022,continuous-run,7,2.0,1.7,52,11,41,21.2
tomato,2022,continuous-run,8,2.0,1.7,52,29,23,55.8
tomato,2022,continuous-run,9,2.0,1.7,52,46,6,88.5
tomato,2022,continuous-run,10,2.0,1.7,52,36,16,69.2
tomato,2022,continuous-run,11,2.0,1.7,52,29,23,55.8
tomato,2022,continuous-run,12,2.0,1.7,52,21,31,40.4
tomato,2022,continuous-run,13,2.0,1.7,52,14,38,26.9
tomato,2022,continuous-run,14,2.0,1.7,52,8,44,15.4
tomato,2023,continuous-run,6,2.0,1.7,45,0,45,0.0
tomato,2023,continuous-run,7,2.0,1.7,45,13,32,28.9
tomato,2023,continuous-run,8,2.0,1.7,45,32,13,71.1
tomato,2023,continuous-run,9,2.0,1.7,45,39,6,86.7
tomato,2023,continuous-run,10,2.0,1.7,45,27,18,60.0
tomato,2023,continuous-run,11,2.0,1.7,45,24,21,53.3
tomato,2023,continuous-run,12,2.0,1.7,45,18,27,40.0
tomato,2023,continuous-run,13,2.0,1.7,45,13,32,28.9
tomato,2023,continuous-run,14,2.0,1.7,45,6,39,13.3
tomato,2024,continuous-run,6,2.0,1.7,31,0,31,0.0
tomato,2024,continuous-run,7,2.0,1.7,31,8,23,25.8
tomato,2024,continuous-run,8,2.0,1.7,31,21,10,67.7
tomato,2024,continuous-run,9,2.0,1.7,31,27,4,87.1
tomato,2024,continuous-run,10,2.0,1.7,31,22,9,71.0
tomato,2024,continuous-run,11,2.0,1.7,31,17,14,54.8
tomato,2024,continuous-run,12,2.0,1.7,31,14,17,45.2
tomato,2024,continuous-run,13,2.0,1.7,31,7,24,22.6
tomato,2024,continuous-run,14,2.0,1.7,31,6,25,19.4
