date,Tmax_C,Tmin_C,Tmean_C,RHmax_pct,RHmin_pct,RHmean_pct,u10_m_s,u2_m_s,Rs_MJ_m2_day,Ra_MJ_m2_day,Rso_MJ_m2_day,Rns_MJ_m2_day,Rnl_MJ_m2_day,Rn_MJ_m2_day,es_kPa,ea_kPa,VPD_kPa,delta_kPa_C,gamma_kPa_C,ET0_mm_day,precip_mm_day
2024-01-01,21.2,18.8,20.0,85.0,57.0,70.2,0.0,0.0,17.035,22.995,17.25,13.117,5.723,7.394,2.3439,1.6399,0.7041,0.1447,0.0673,2.06,0.0
2024-01-02,21.8,18.9,20.35,88.0,51.0,71.6,0.0,0.0,12.287,23.044,17.287,9.461,3.581,5.88,2.3978,1.6269,0.7709,0.1475,0.0673,1.65,0.0
2024-01-03,22.3,19.2,20.75,82.0,53.0,71.2,0.0,0.0,13.27,23.096,17.326,10.218,4.041,6.176,2.4588,1.6258,0.833,0.1507,0.0673,1.74,0.0
2024-01-04,24.2,20.3,22.25,96.0,68.0,86.1,0.0,0.0,15.379,23.153,17.369,11.842,4.223,7.619,2.701,2.1702,0.5308,0.1633,0.0673,2.2,0.0
2024-01-05,23.6,21.8,22.7,94.0,73.0,82.6,0.0,0.0,8.539,23.213,17.414,6.575,1.502,5.074,2.7624,2.2908,0.4716,0.1672,0.0673,1.48,0.6
2024-01-06,25.1,22.7,23.9,91.0,65.0,81.0,0.0,0.0,10.242,23.277,17.462,7.886,2.161,5.725,2.9728,2.291,0.6818,0.1782,0.0673,1.7,0.9
2024-01-07,25.4,22.6,24.0,97.0,81.0,90.0,0.0,0.0,15.03,23.345,17.513,11.573,3.474,8.099,2.9931,2.6438,0.3493,0.1791,0.0673,2.4,1.5
2024-01-08,24.3,22.6,23.45,89.0,68.0,76.5,0.0,0.0,4.932,23.416,17.567,3.798,0.143,3.655,2.8901,2.2532,0.6369,0.174,0.0673,1.08,0.0
2024-01-09,25.8,23.8,24.8,90.0,60.0,78.6,0.0,0.0,11.11,23.491,17.623,8.554,2.452,6.103,3.1351,2.3233,0.8118,0.1867,0.0673,1.83,0.9
2024-01-10,25.3,23.2,24.25,96.0,80.0,87.3,0.0,0.0,8.986,23.57,17.682,6.919,1.442,5.476,3.0342,2.6549,0.3794,0.1815,0.0673,1.63,1.9
2024-01-11,24.7,22.7,23.7,100.0,86.0,94.8,0.0,0.0,6.12,23.652,17.743,4.712,0.481,4.231,2.9352,2.7174,0.2178,0.1763,0.0673,1.25,15.0
2024-01-12,26.6,24.1,25.35,99.0,63.0,87.8,0.0,0.0,15.93,23.738,17.807,12.266,3.84,8.426,3.2422,2.5829,0.6593,0.1921,0.0673,2.55,0.0
2024-01-13,26.5,24.1,25.3,97.0,67.0,86.7,0.0,0.0,16.776,23.827,17.874,12.918,4.053,8.865,3.232,2.6157,0.6163,0.1916,0.0673,2.68,0.3
2024-01-14,25.8,23.3,24.55,99.0,72.0,90.6,0.0,0.0,7.83,23.919,17.944,6.029,1.047,4.982,3.0914,2.612,0.4794,0.1843,0.0673,1.49,4.1
2024-01-15,26.1,23.6,24.85,91.0,66.0,82.4,0.0,0.0,11.902,24.015,18.016,9.164,2.541,6.623,3.1472,2.4413,0.7059,0.1872,0.0673,1.99,0.3
2024-01-16,26.8,24.4,25.6,95.0,60.0,82.2,0.0,0.0,16.837,24.114,18.09,12.965,4.188,8.777,3.29,2.5089,0.7812,0.1946,0.0673,2.66,0.0
2024-01-17,25.2,23.4,24.3,98.0,78.0,89.4,0.0,0.0,5.18,24.217,18.167,3.989,0.15,3.839,3.0419,2.6605,0.3814,0.1819,0.0673,1.14,9.2
2024-01-18,26.3,23.4,24.85,94.0,74.0,86.2,0.0,0.0,16.236,24.322,18.246,12.502,3.735,8.767,3.1498,2.6187,0.5311,0.1872,0.0673,2.63,3.2
2024-01-19,25.8,23.3,24.55,100.0,72.0,89.3,0.0,0.0,12.766,24.431,18.328,9.83,2.572,7.257,3.0914,2.6263,0.4651,0.1843,0.0673,2.17,0.5
2024-01-20,24.1,21.2,22.65,93.0,57.0,75.3,0.0,0.0,4.928,24.543,18.412,3.795,0.06,3.735,2.7598,2.0263,0.7335,0.1668,0.0673,1.09,0.6
2024-01-21,21.4,19.7,20.55,75.0,52.0,62.9,0.0,0.0,12.2,24.658,18.498,9.394,3.297,6.097,2.422,1.5234,0.8986,0.1491,0.0673,1.71,0.0
2024-01-22,22.4,20.3,21.35,63.0,53.0,59.3,0.0,0.0,12.528,24.776,18.586,9.647,3.519,6.128,2.5456,1.4683,1.0773,0.1556,0.0673,1.75,0.0
2024-01-23,24.6,22.2,23.4,68.0,56.0,62.3,0.0,0.0,17.165,24.897,18.677,13.217,5.183,8.034,2.8847,1.776,1.1087,0.1735,0.0673,2.36,0.0
2024-01-24,25.1,23.2,24.15,86.0,63.0,73.3,0.0,0.0,17.561,25.021,18.77,13.522,4.586,8.936,3.0151,2.2266,0.7886,0.1805,0.0673,2.66,0.0
2024-01-25,25.4,23.5,24.45,87.0,61.0,76.8,0.0,0.0,15.336,25.147,18.865,11.809,3.739,8.07,3.0698,2.249,0.8208,0.1834,0.0673,2.41,0.0
2024-01-26,25.5,23.2,24.35,87.0,69.0,78.8,0.0,0.0,16.675,25.276,18.962,12.84,4.014,8.826,3.0535,2.3628,0.6907,0.1824,0.0673,2.63,0.6
2024-01-27,26.2,23.7,24.95,94.0,60.0,82.4,0.0,0.0,16.042,25.408,19.061,12.352,3.751,8.601,3.166,2.3978,0.7682,0.1882,0.0673,2.58,1.4
2024-01-28,26.2,23.4,24.8,97.0,57.0,83.2,0.0,0.0,17.273,25.543,19.162,13.3,4.178,9.122,3.1398,2.3653,0.7745,0.1867,0.0673,2.74,0.1
2024-01-29,23.8,19.0,21.4,89.0,52.0,65.8,0.0,0.0,16.258,25.68,19.265,12.518,4.52,7.998,2.5728,1.7444,0.8284,0.1561,0.0673,2.28,0.9
2024-01-30,21.9,19.0,20.45,65.0,41.0,54.6,0.0,0.0,7.758,25.82,19.37,5.974,1.274,4.7,2.4126,1.2529,1.1598,0.1483,0.0673,1.32,0.0
2024-01-31,22.7,20.1,21.4,76.0,50.0,61.8,0.0,0.0,13.831,25.962,19.476,10.65,3.681,6.969,2.5558,1.5838,0.9721,0.1561,0.0673,1.99,0.6
2024-02-01,22.1,19.3,20.7,75.0,40.0,56.6,0.0,0.0,14.098,26.106,19.584,10.855,4.002,6.853,2.4495,1.3716,1.0779,0.1503,0.0673,1.93,0.0
2024-02-02,22.1,20.3,21.2,76.0,39.0,59.8,0.0,0.0,12.809,26.253,19.694,9.863,3.362,6.501,2.5211,1.4239,1.0972,0.1544,0.0673,1.85,0.0
2024-02-03,23.1,19.8,21.45,77.0,38.0,59.4,0.0,0.0,14.825,26.402,19.806,11.415,4.216,7.199,2.568,1.4262,1.1418,0.1565,0.0673,2.05,0.0
2024-02-04,23.6,20.6,22.1,99.0,58.0,79.4,0.0,0.0,9.313,26.553,19.919,7.171,1.465,5.707,2.6698,2.0459,0.6239,0.162,0.0673,1.65,8.1
2024-02-05,23.3,20.4,21.85,100.0,62.0,90.0,0.0,0.0,14.702,26.706,20.034,11.321,3.28,8.041,2.6288,2.0853,0.5436,0.1599,0.0673,2.31,20.8
2024-02-06,20.8,19.5,20.15,93.0,65.0,79.0,0.0,0.0,9.371,26.86,20.15,7.216,1.507,5.709,2.3617,1.8525,0.5092,0.1459,0.0673,1.59,3.7
2024-02-07,22.8,20.5,21.65,80.0,58.0,67.4,0.0,0.0,16.859,27.017,20.268,12.981,4.402,8.579,2.5936,1.7696,0.824,0.1582,0.0673,2.46,0.5
2024-02-08,22.6,20.6,21.6,74.0,48.0,62.7,0.0,0.0,18.666,27.176,20.387,14.373,5.423,8.949,2.5844,1.5559,1.0284,0.1577,0.0673,2.56,0.0
2024-02-09,22.6,20.7,21.65,74.0,49.0,62.5,0.0,0.0,17.24,27.336,20.507,13.275,4.777,8.499,2.5919,1.5752,1.0167,0.1582,0.0673,2.43,0.0
2024-02-10,24.1,20.8,22.45,74.0,53.0,63.2,0.0,0.0,16.708,27.498,20.628,12.865,4.377,8.488,2.7292,1.7044,1.0248,0.165,0.0673,2.46,0.0
2024-02-11,25.1,21.9,23.5,78.0,50.0,69.5,0.0,0.0,19.109,27.661,20.751,14.714,5.124,9.59,2.9073,1.8215,1.0857,0.1745,0.0673,2.82,0.0
2024-02-12,25.2,22.5,23.85,91.0,48.0,75.3,0.0,0.0,14.742,27.826,20.874,11.351,3.259,8.092,2.9656,2.0095,0.9561,0.1777,0.0673,2.39,0.1
2024-02-13,25.6,22.8,24.2,92.0,66.0,82.4,0.0,0.0,14.936,27.992,20.999,11.501,2.923,8.578,3.0292,2.3601,0.6691,0.181,0.0673,2.55,1.6
2024-02-14,23.4,21.5,22.45,92.0,60.0,73.2,0.0,0.0,20.059,28.159,21.125,15.446,4.881,10.564,2.7213,2.0431,0.6782,0.165,0.0673,3.06,0.0
2024-02-15,23.5,21.1,22.3,83.0,47.0,66.1,0.0,0.0,19.832,28.328,21.251,15.271,5.319,9.952,2.6989,1.7189,0.98,0.1637,0.0673,2.88,0.0
2024-02-16,24.4,21.4,22.9,90.0,54.0,75.2,0.0,0.0,16.279,28.498,21.378,12.535,3.663,8.872,2.8025,1.9722,0.8304,0.169,0.0673,2.59,0.2
2024-02-17,25.7,22.2,23.95,100.0,59.0,81.9,0.0,0.0,19.472,28.669,21.507,14.994,4.237,10.757,2.9893,2.3123,0.677,0.1786,0.0673,3.19,0.0
2024-02-18,25.6,23.5,24.55,97.0,58.0,83.0,0.0,0.0,15.116,28.84,21.635,11.64,2.858,8.781,3.0892,2.3563,0.7328,0.1843,0.0673,2.62,1.6
2024-02-19,23.7,21.5,22.6,97.0,75.0,86.1,0.0,0.0,6.653,29.013,21.765,5.123,0.296,4.827,2.7475,2.3427,0.4048,0.1664,0.0673,1.4,5.5
2024-02-20,22.4,20.2,21.3,85.0,50.0,66.6,0.0,0.0,21.816,29.186,21.895,16.798,5.809,10.989,2.5382,1.6834,0.8548,0.1552,0.0673,3.13,0.0
2024-02-21,22.0,19.9,20.95,76.0,46.0,58.0,0.0,0.0,19.555,29.36,22.025,15.058,5.263,9.795,2.4839,1.4912,0.9927,0.1523,0.0673,2.77,0.0
2024-02-22,22.7,20.2,21.45,80.0,48.0,59.5,0.0,0.0,22.248,29.534,22.156,17.131,5.999,11.131,2.5631,1.6091,0.954,0.1565,0.0673,3.18,0.0
2024-02-23,23.3,20.7,22.0,88.0,47.0,69.2,0.0,0.0,18.09,29.709,22.287,13.929,4.301,9.628,2.6512,1.7466,0.9046,0.1611,0.0673,2.77,0.0
2024-02-24,23.5,20.9,22.2,89.0,60.0,73.3,0.0,0.0,8.543,29.885,22.419,6.578,0.881,5.697,2.6837,1.9686,0.7151,0.1629,0.0673,1.64,2.2
2024-02-25,22.4,20.0,21.2,71.0,37.0,53.6,0.0,0.0,22.871,30.061,22.551,17.611,6.57,11.04,2.5237,1.3313,1.1924,0.1544,0.0673,3.14,0.0
2024-02-26,22.9,19.9,21.4,81.0,40.0,59.5,0.0,0.0,21.841,30.236,22.683,16.818,5.911,10.907,2.5582,1.4997,1.0585,0.1561,0.0673,3.11,0.0
2024-02-27,23.8,20.4,22.1,71.0,40.0,54.8,0.0,0.0,22.741,30.413,22.815,17.511,6.381,11.129,2.6725,1.4405,1.232,0.162,0.0673,3.21,0.0
2024-02-28,24.7,21.7,23.2,85.0,47.0,65.7,0.0,0.0,22.687,30.589,22.947,17.469,5.601,11.868,2.8538,1.8345,1.0193,0.1717,0.0673,3.48,0.0
2024-03-01,24.6,22.2,23.4,75.0,59.0,68.6,0.0,0.0,14.612,30.941,23.211,11.252,2.772,8.48,2.8847,1.9161,0.9686,0.1735,0.0673,2.49,0.4
2024-03-02,24.8,22.5,23.65,82.0,60.0,67.2,0.0,0.0,16.243,31.117,23.343,12.507,3.123,9.384,2.9279,2.0566,0.8713,0.1758,0.0673,2.77,1.0
2024-03-03,25.1,23.0,24.05,92.0,57.0,78.7,0.0,0.0,11.671,31.292,23.475,8.987,1.626,7.361,2.9981,2.2005,0.7975,0.1796,0.0673,2.18,3.8
2024-03-04,25.8,23.3,24.55,95.0,59.0,82.0,0.0,0.0,13.14,31.467,23.606,10.118,1.947,8.171,3.0914,2.3389,0.7525,0.1843,0.0673,2.44,2.0
2024-03-05,26.1,23.3,24.7,97.0,56.0,83.0,0.0,0.0,17.532,31.642,23.737,13.5,3.15,10.35,3.1211,2.3343,0.7868,0.1858,0.0673,3.1,1.7
2024-03-06,25.9,24.0,24.95,93.0,55.0,78.5,0.0,0.0,10.008,31.816,23.868,7.706,1.066,6.64,3.1628,2.3065,0.8563,0.1882,0.0673,2.0,2.0
2024-03-07,27.5,23.2,25.35,98.0,63.0,86.8,0.0,0.0,17.946,31.99,23.998,13.818,2.991,10.828,3.2574,2.5498,0.7076,0.1921,0.0673,3.27,8.5
2024-03-08,27.3,24.0,25.65,97.0,59.0,85.0,0.0,0.0,10.721,32.163,24.128,8.255,1.151,7.104,3.3062,2.5176,0.7886,0.1951,0.0673,2.16,1.8
2024-03-09,27.6,24.2,25.9,97.0,47.0,78.5,0.0,0.0,21.51,32.335,24.257,16.563,4.193,12.37,3.3564,2.3325,1.0239,0.1977,0.0673,3.77,0.0
2024-03-10,28.1,25.1,26.6,96.0,65.0,82.0,0.0,0.0,22.432,32.507,24.386,17.272,3.785,13.487,3.4943,2.7653,0.7291,0.2049,0.0673,4.14,0.9
2024-03-11,25.0,22.5,23.75,92.0,51.0,67.8,0.0,0.0,24.242,32.677,24.514,18.667,5.217,13.449,2.9467,2.0616,0.8851,0.1768,0.0673,3.97,0.0
2024-03-12,24.6,21.9,23.25,84.0,45.0,63.8,0.0,0.0,22.136,32.847,24.641,17.045,4.97,12.075,2.8605,1.7996,1.0608,0.1722,0.0673,3.54,0.0
2024-03-13,26.0,22.6,24.3,83.0,44.0,64.8,0.0,0.0,22.964,33.015,24.767,17.683,5.13,12.553,3.0518,1.8775,1.1743,0.1819,0.0673,3.74,0.0
2024-03-14,25.6,22.8,24.2,88.0,48.0,67.1,0.0,0.0,24.343,33.183,24.893,18.744,5.266,13.479,3.0292,2.0091,1.0201,0.181,0.0673,4.01,0.0
2024-03-15,26.4,23.1,24.75,85.0,46.0,64.3,0.0,0.0,24.505,33.349,25.018,18.869,5.347,13.522,3.1341,1.9929,1.1413,0.1862,0.0673,4.05,0.0
2024-03-16,27.5,23.6,25.55,93.0,43.0,75.9,0.0,0.0,15.268,33.514,25.141,11.756,2.477,9.279,3.2921,2.1439,1.1483,0.1941,0.0673,2.81,0.2
2024-03-17,28.2,24.3,26.25,97.0,43.0,73.2,0.0,0.0,24.923,33.677,25.264,19.191,4.948,14.242,3.4311,2.2957,1.1355,0.2013,0.0673,4.35,0.0
2024-03-18,28.6,24.5,26.55,96.0,44.0,75.2,0.0,0.0,23.612,33.84,25.386,18.182,4.515,13.666,3.4943,2.3369,1.1574,0.2044,0.0673,4.19,0.0
2024-03-19,26.3,22.1,24.2,97.0,59.0,77.3,0.0,0.0,15.21,34.0,25.506,11.712,2.228,9.483,3.0408,2.2995,0.7413,0.181,0.0673,2.82,12.0
2024-03-20,23.5,21.5,22.5,78.0,45.0,62.1,0.0,0.0,25.495,34.16,25.626,19.631,5.957,13.675,2.73,1.6516,1.0784,0.1655,0.0673,3.97,0.0
2024-03-21,24.2,21.7,22.95,83.0,44.0,62.4,0.0,0.0,25.567,34.318,25.744,19.687,5.798,13.889,2.8079,1.7417,1.0662,0.1695,0.0673,4.06,0.0
2024-03-22,25.6,22.2,23.9,69.0,46.0,59.1,0.0,0.0,15.534,34.474,25.861,11.961,2.792,9.169,2.9796,1.6784,1.3012,0.1782,0.0673,2.72,0.7
2024-03-23,25.4,23.2,24.3,98.0,71.0,89.2,0.0,0.0,5.548,34.628,25.977,4.272,-0.276,4.548,3.0438,2.545,0.4988,0.1819,0.0673,1.35,71.4
2024-03-24,24.7,22.8,23.75,90.0,54.0,71.0,0.0,0.0,22.19,34.781,26.092,17.087,4.186,12.9,2.9436,2.0892,0.8545,0.1768,0.0673,3.81,0.0
2024-03-25,24.7,22.3,23.5,79.0,63.0,71.1,0.0,0.0,23.101,34.932,26.205,17.788,4.462,13.326,2.9021,2.0438,0.8584,0.1745,0.0673,3.92,0.4
2024-03-26,25.6,22.2,23.9,85.0,59.0,72.7,0.0,0.0,23.994,35.081,26.317,18.475,4.603,13.873,2.9796,2.1059,0.8737,0.1782,0.0673,4.11,0.2
2024-03-27,26.4,22.9,24.65,89.0,60.0,76.6,0.0,0.0,18.562,35.229,26.428,14.292,2.973,11.32,3.1171,2.2752,0.8419,0.1853,0.0673,3.39,0.5
2024-03-28,26.8,22.2,24.5,92.0,62.0,78.0,0.0,0.0,15.217,35.374,26.537,11.717,2.067,9.65,3.1,2.3235,0.7766,0.1838,0.0673,2.88,0.2
2024-03-29,24.1,21.7,22.9,74.0,42.0,56.3,0.0,0.0,22.417,35.518,26.645,17.261,4.838,12.424,2.7989,1.5909,1.208,0.169,0.0673,3.63,0.0
2024-03-30,23.3,20.7,22.0,66.0,41.0,52.6,0.0,0.0,22.165,35.66,26.751,17.067,5.0,12.067,2.6512,1.3922,1.259,0.1611,0.0673,3.47,0.0
2024-03-31,24.8,21.3,23.05,78.0,44.0,58.8,0.0,0.0,25.394,35.799,26.856,19.554,5.552,14.002,2.8317,1.6766,1.1551,0.1704,0.0673,4.1,0.0
2024-04-01,25.9,22.6,24.25,82.0,42.0,62.5,0.0,0.0,23.515,35.937,26.959,18.107,4.789,13.318,3.0419,1.826,1.2159,0.1815,0.0673,3.96,0.0
2024-04-02,26.8,23.5,25.15,90.0,41.0,68.5,0.0,0.0,19.105,36.073,27.061,14.711,3.297,11.414,3.2096,2.0254,1.1843,0.1902,0.0673,3.44,0.0
2024-04-03,27.7,23.7,25.7,92.0,50.0,71.3,0.0,0.0,24.192,36.206,27.161,18.628,4.294,14.334,3.3225,2.2767,1.0458,0.1956,0.0673,4.35,0.0
2024-04-04,27.6,22.8,25.2,89.0,61.0,76.0,0.0,0.0,17.338,36.338,27.26,13.35,2.468,10.882,3.2342,2.3615,0.8728,0.1907,0.0673,3.28,1.1
2024-04-05,24.7,22.2,23.45,85.0,46.0,61.7,0.0,0.0,26.615,36.467,27.357,20.493,5.463,15.03,2.894,1.8531,1.0409,0.174,0.0673,4.42,0.0
2024-04-06,24.7,21.9,23.3,86.0,34.0,60.6,0.0,0.0,27.965,36.594,27.452,21.533,6.048,15.485,2.8697,1.659,1.2108,0.1726,0.0673,4.55,0.0
2024-04-07,24.8,22.0,23.4,85.0,36.0,57.8,0.0,0.0,25.636,36.719,27.546,19.739,5.437,14.302,2.8871,1.6871,1.2,0.1735,0.0673,4.2,0.0
2024-04-08,24.3,22.0,23.15,77.0,36.0,55.8,0.0,0.0,26.251,36.841,27.638,20.213,5.81,14.403,2.841,1.5648,1.2762,0.1713,0.0673,4.22,0.0
2024-04-09,25.3,22.0,23.65,64.0,46.0,55.5,0.0,0.0,21.586,36.962,27.728,16.621,4.364,12.257,2.9344,1.5878,1.3466,0.1758,0.0673,3.62,0.1
2024-04-10,26.5,23.2,24.85,83.0,43.0,61.3,0.0,0.0,24.206,37.08,27.817,18.639,4.651,13.988,3.1528,1.9244,1.2284,0.1872,0.0673,4.2,0.0
2024-04-11,28.0,24.1,26.05,87.0,38.0,63.9,0.0,0.0,24.376,37.196,27.904,18.769,4.591,14.179,3.3909,2.024,1.3669,0.1992,0.0673,4.32,0.0
2024-04-12,26.9,23.7,25.3,93.0,52.0,75.6,0.0,0.0,19.627,37.31,27.989,15.113,2.981,12.132,3.2375,2.2843,0.9532,0.1916,0.0673,3.66,2.0
2024-04-13,26.0,22.3,24.15,92.0,40.0,64.0,0.0,0.0,25.96,37.421,28.073,19.989,5.042,14.947,3.0271,1.9109,1.1161,0.1805,0.0673,4.44,0.0
2024-04-14,24.6,21.5,23.05,70.0,45.0,58.3,0.0,0.0,27.295,37.53,28.154,21.017,5.91,15.107,2.8288,1.5935,1.2353,0.1704,0.0673,4.42,0.0
2024-04-15,24.8,21.4,23.1,72.0,43.0,57.0,0.0,0.0,28.282,37.637,28.235,21.777,6.174,15.603,2.8395,1.5906,1.2489,0.1708,0.0673,4.57,0.0
2024-04-16,26.0,22.9,24.45,75.0,52.0,62.9,0.0,0.0,24.257,37.742,28.313,18.678,4.529,14.149,3.077,1.9212,1.1558,0.1834,0.0673,4.22,0.6
2024-04-17,26.1,23.0,24.55,79.0,42.0,61.8,0.0,0.0,27.526,37.844,28.39,21.195,5.583,15.612,3.0954,1.8198,1.2756,0.1843,0.0673,4.67,0.0
2024-04-18,26.5,23.9,25.2,81.0,49.0,66.5,0.0,0.0,22.752,37.944,28.465,17.519,3.954,13.565,3.2141,2.0495,1.1646,0.1907,0.0673,4.09,0.4
2024-04-19,26.9,23.2,25.05,90.0,43.0,65.8,0.0,0.0,28.156,38.042,28.538,21.68,5.33,16.35,3.194,2.0417,1.1524,0.1892,0.0673,4.92,0.0
2024-04-20,27.1,23.3,25.2,92.0,40.0,67.1,0.0,0.0,28.094,38.137,28.61,21.633,5.323,16.31,3.2236,2.0332,1.1903,0.1907,0.0673,4.92,0.0
2024-04-21,28.0,23.6,25.8,91.0,33.0,64.0,0.0,0.0,24.75,38.23,28.68,19.058,4.616,14.442,3.3465,1.9491,1.3974,0.1967,0.0673,4.39,0.0
2024-04-22,27.8,24.5,26.15,92.0,45.0,69.5,0.0,0.0,27.479,38.321,28.748,21.159,4.803,16.356,3.4054,2.255,1.1504,0.2002,0.0673,4.99,0.8
2024-04-23,25.2,22.7,23.95,86.0,53.0,68.8,0.0,0.0,20.3,38.41,28.815,15.631,3.221,12.41,2.9823,2.0358,0.9465,0.1786,0.0673,3.68,0.2
2024-04-24,25.1,21.9,23.5,70.0,35.0,52.5,0.0,0.0,27.713,38.497,28.879,21.339,6.099,15.24,2.9073,1.4774,1.4299,0.1745,0.0673,4.49,0.0
2024-04-25,25.8,23.0,24.4,71.0,30.0,53.7,0.0,0.0,28.901,38.581,28.943,22.254,6.476,15.778,3.0657,1.4956,1.57,0.1829,0.0673,4.71,0.0
2024-04-26,26.5,23.5,25.0,73.0,35.0,56.7,0.0,0.0,26.744,38.663,29.004,20.593,5.53,15.063,3.1788,1.6627,1.5161,0.1887,0.0673,4.53,0.0
2024-04-27,26.2,23.7,24.95,79.0,43.0,59.6,0.0,0.0,22.122,38.743,29.064,17.034,3.873,13.161,3.166,1.8889,1.2771,0.1882,0.0673,3.96,0.2
2024-04-28,24.9,23.3,24.1,73.0,47.0,58.9,0.0,0.0,21.121,38.82,29.122,16.263,3.685,12.578,3.0049,1.7842,1.2207,0.18,0.0673,3.74,0.7
2024-04-29,26.3,23.2,24.75,76.0,36.0,53.2,0.0,0.0,28.62,38.896,29.179,22.037,5.932,16.105,3.1326,1.6964,1.4361,0.1862,0.0673,4.83,0.0
2024-04-30,26.9,23.9,25.4,91.0,51.0,71.1,0.0,0.0,23.069,38.969,29.234,17.763,3.619,14.144,3.2553,2.2534,1.0019,0.1926,0.0673,4.28,3.4
2024-05-01,26.8,24.4,25.6,93.0,49.0,75.6,0.0,0.0,22.259,39.041,29.287,17.139,3.391,13.748,3.29,2.2845,1.0055,0.1946,0.0673,4.17,6.1
2024-05-02,26.5,24.5,25.5,91.0,53.0,73.4,0.0,0.0,20.426,39.11,29.339,15.728,2.921,12.807,3.2684,2.3164,0.9519,0.1936,0.0673,3.88,0.7
2024-05-03,27.4,24.3,25.85,82.0,53.0,68.9,0.0,0.0,23.666,39.177,29.39,18.223,3.807,14.417,3.344,2.2128,1.1311,0.1972,0.0673,4.39,1.4
2024-05-04,27.5,24.4,25.95,83.0,51.0,68.4,0.0,0.0,28.292,39.242,29.438,21.785,4.914,16.871,3.3638,2.2045,1.1592,0.1982,0.0673,5.14,3.1
2024-05-05,27.6,24.6,26.1,82.0,49.0,66.4,0.0,0.0,26.935,39.305,29.486,20.74,4.642,16.098,3.3929,2.1729,1.22,0.1997,0.0673,4.91,0.1
2024-05-06,27.6,24.8,26.2,82.0,52.0,67.5,0.0,0.0,27.461,39.366,29.531,21.145,4.646,16.499,3.4115,2.2435,1.168,0.2008,0.0673,5.04,0.4
2024-05-07,28.1,25.0,26.55,85.0,54.0,70.5,0.0,0.0,25.081,39.425,29.576,19.313,3.911,15.402,3.4849,2.3728,1.112,0.2044,0.0673,4.73,2.7
2024-05-08,28.4,24.9,26.65,93.0,47.0,69.8,0.0,0.0,29.408,39.482,29.618,22.644,4.878,17.766,3.5089,2.3734,1.1355,0.2054,0.0673,5.46,0.0
2024-05-09,29.1,24.8,26.95,90.0,43.0,66.2,0.0,0.0,29.308,39.537,29.66,22.567,5.044,17.523,3.5796,2.2748,1.3047,0.2086,0.0673,5.41,0.0
2024-05-10,29.5,25.3,27.4,94.0,46.0,69.9,0.0,0.0,23.407,39.59,29.7,18.024,3.436,14.588,3.6739,2.4639,1.2099,0.2135,0.0673,4.53,0.0
2024-05-11,29.8,26.4,28.1,92.0,50.0,70.9,0.0,0.0,28.386,39.641,29.738,21.857,4.28,17.578,3.8182,2.6319,1.1863,0.2212,0.0673,5.5,0.0
2024-05-12,30.3,27.2,28.75,95.0,49.0,74.3,0.0,0.0,20.448,39.691,29.775,15.745,2.515,13.23,3.962,2.7711,1.1909,0.2286,0.0673,4.17,0.5
2024-05-13,30.3,27.1,28.7,96.0,35.0,71.6,0.0,0.0,23.918,39.738,29.811,18.417,3.572,14.845,3.9515,2.4768,1.4746,0.228,0.0673,4.68,0.2
2024-05-14,30.4,27.0,28.7,88.0,33.0,67.0,0.0,0.0,24.502,39.784,29.845,18.866,3.963,14.903,3.9534,2.2851,1.6683,0.228,0.0673,4.69,0.2
2024-05-15,30.9,27.4,29.15,89.0,46.0,71.7,0.0,0.0,27.378,39.828,29.878,21.081,4.07,17.011,4.0585,2.6516,1.4069,0.2332,0.0673,5.39,2.1
2024-05-16,30.9,27.7,29.3,92.0,57.0,75.7,0.0,0.0,23.926,39.871,29.91,18.423,2.943,15.48,4.0907,2.9817,1.109,0.235,0.0673,4.91,3.7
2024-05-17,31.3,28.3,29.8,87.0,50.0,70.2,0.0,0.0,26.334,39.911,29.941,20.277,3.635,16.642,4.2082,2.8157,1.3925,0.2409,0.0673,5.31,2.5
2024-05-18,32.5,28.5,30.5,94.0,38.0,67.9,0.0,0.0,24.041,39.95,29.97,18.511,3.285,15.226,4.3911,2.7582,1.6329,0.2495,0.0673,4.89,0.2
2024-05-19,30.9,28.5,29.7,96.0,47.0,74.6,0.0,0.0,26.244,39.988,29.998,20.208,3.458,16.75,4.1792,2.9176,1.2616,0.2397,0.0673,5.34,4.0
2024-05-20,29.9,27.8,28.85,96.0,61.0,80.8,0.0,0.0,15.826,40.023,30.025,12.186,1.391,10.795,3.9775,3.0801,0.8974,0.2297,0.0673,3.41,4.1
2024-05-21,29.2,27.9,28.55,97.0,59.0,82.4,0.0,0.0,20.966,40.057,30.05,16.144,2.328,13.817,3.9051,3.018,0.8871,0.2263,0.0673,4.35,9.5
2024-05-22,30.1,27.1,28.6,92.0,53.0,72.0,0.0,0.0,27.079,40.09,30.075,20.851,3.75,17.101,3.9269,2.7806,1.1463,0.2269,0.0673,5.38,2.4
2024-05-23,30.0,26.1,28.05,91.0,51.0,71.8,0.0,0.0,28.829,40.121,30.098,22.198,4.316,17.882,3.8122,2.6205,1.1917,0.2206,0.0673,5.59,0.4
2024-05-24,30.6,27.6,29.1,90.0,42.0,68.1,0.0,0.0,24.199,40.15,30.12,18.633,3.457,15.177,4.042,2.5839,1.4581,0.2326,0.0673,4.8,0.0
2024-05-25,31.4,27.3,29.35,93.0,45.0,69.3,0.0,0.0,24.3,40.178,30.141,18.711,3.307,15.404,4.1122,2.7214,1.3909,0.2356,0.0673,4.89,0.1
2024-05-26,31.2,27.7,29.45,91.0,52.0,72.2,0.0,0.0,22.435,40.205,30.161,17.275,2.765,14.511,4.1292,2.8715,1.2577,0.2368,0.0673,4.61,0.2
2024-05-27,31.9,28.3,30.1,89.0,42.0,68.3,0.0,0.0,16.085,40.23,30.18,12.385,1.682,10.703,4.2872,2.7045,1.5827,0.2446,0.0673,3.42,3.4
2024-05-28,31.4,28.2,29.8,90.0,43.0,65.1,0.0,0.0,25.124,40.254,30.197,19.346,3.5,15.846,4.21,2.709,1.501,0.2409,0.0673,5.05,0.7
2024-05-29,32.0,28.2,30.1,90.0,42.0,67.4,0.0,0.0,26.428,40.276,30.214,20.349,3.761,16.588,4.2895,2.7194,1.5701,0.2446,0.0673,5.31,0.1
2024-05-30,31.4,28.8,30.1,89.0,40.0,66.7,0.0,0.0,26.622,40.297,30.23,20.499,3.853,16.646,4.2778,2.6812,1.5966,0.2446,0.0673,5.33,0.7
2024-05-31,29.8,28.2,29.0,90.0,41.0,65.5,0.0,0.0,29.286,40.316,30.245,22.55,4.503,18.047,4.0094,2.5808,1.4286,0.2315,0.0673,5.7,0.0
2024-06-01,29.5,27.2,28.35,80.0,43.0,63.5,0.0,0.0,27.295,40.335,30.258,21.017,4.442,16.575,3.8651,2.3294,1.5358,0.224,0.0673,5.2,0.8
2024-06-02,29.4,27.1,28.25,79.0,53.0,65.5,0.0,0.0,17.23,40.352,30.271,13.267,2.007,11.26,3.8428,2.5029,1.3399,0.2229,0.0673,3.53,1.2
2024-06-03,28.9,26.8,27.85,79.0,56.0,66.4,0.0,0.0,24.995,40.367,30.283,19.246,3.641,15.605,3.7532,2.507,1.2462,0.2184,0.0673,4.87,0.5
2024-06-04,29.9,27.2,28.55,92.0,56.0,75.1,0.0,0.0,24.613,40.382,30.294,18.952,3.157,15.795,3.9131,2.8407,1.0724,0.2263,0.0673,4.97,3.7
2024-06-05,30.3,27.7,29.0,95.0,54.0,76.6,0.0,0.0,19.897,40.395,30.303,15.321,2.201,13.12,4.0155,2.9298,1.0857,0.2315,0.0673,4.15,2.4
2024-06-06,30.3,27.6,28.95,93.0,55.0,79.0,0.0,0.0,18.331,40.407,30.312,14.115,1.932,12.183,4.0047,2.9042,1.1005,0.2309,0.0673,3.85,6.6
2024-06-07,30.2,28.5,29.35,92.0,52.0,73.6,0.0,0.0,24.145,40.418,30.32,18.592,3.017,15.575,4.0917,2.906,1.1857,0.2356,0.0673,4.94,1.0
2024-06-08,29.7,27.6,28.65,95.0,62.0,81.8,0.0,0.0,11.57,40.427,30.328,8.909,0.642,8.267,3.9317,3.047,0.8847,0.2274,0.0673,2.6,23.1
2024-06-09,30.5,27.6,29.05,95.0,66.0,81.8,0.0,0.0,17.561,40.436,30.334,13.522,1.584,11.937,4.0295,3.1949,0.8346,0.2321,0.0673,3.78,18.7
2024-06-10,31.5,28.3,29.9,93.0,56.0,74.9,0.0,0.0,20.725,40.443,30.339,15.958,2.229,13.729,4.2343,3.0828,1.1515,0.2422,0.0673,4.38,3.3
2024-06-11,29.2,28.2,28.7,94.0,55.0,78.5,0.0,0.0,5.652,40.449,30.344,4.352,-0.406,4.758,3.9382,2.9117,1.0265,0.228,0.0673,1.5,1.2
2024-06-12,30.5,27.8,29.15,99.0,60.0,83.8,0.0,0.0,11.614,40.454,30.348,8.942,0.622,8.32,4.0512,3.1593,0.8919,0.2332,0.0673,2.63,1.9
2024-06-13,30.1,27.7,28.9,99.0,65.0,88.9,0.0,0.0,9.756,40.458,30.351,7.512,0.303,7.209,3.9909,3.2256,0.7654,0.2303,0.0673,2.28,13.3
2024-06-14,28.6,27.6,28.1,98.0,60.0,88.3,0.0,0.0,6.962,40.461,30.353,5.361,-0.16,5.521,3.8034,2.9837,0.8197,0.2212,0.0673,1.73,7.7
2024-06-15,29.9,27.4,28.65,90.0,61.0,73.9,0.0,0.0,12.413,40.462,30.354,9.558,0.825,8.733,3.9343,2.9292,1.0052,0.2274,0.0673,2.75,0.0
2024-06-16,30.1,27.8,28.95,90.0,61.0,76.1,0.0,0.0,18.983,40.463,30.354,14.617,1.983,12.634,4.0018,2.9828,1.019,0.2309,0.0673,3.99,0.0
2024-06-17,29.6,27.3,28.45,88.0,63.0,76.0,0.0,0.0,23.011,40.462,30.354,17.719,2.773,14.946,3.8876,2.9028,0.9849,0.2251,0.0673,4.69,0.7
2024-06-18,30.1,27.0,28.55,81.0,60.0,71.5,0.0,0.0,26.28,40.461,30.353,20.236,3.624,16.611,3.9164,2.7242,1.1922,0.2263,0.0673,5.22,0.0
2024-06-19,29.7,27.7,28.7,86.0,58.0,72.6,0.0,0.0,26.496,40.458,30.351,20.402,3.557,16.845,3.9425,2.8067,1.1358,0.228,0.0673,5.31,3.1
2024-06-20,29.6,27.5,28.55,84.0,60.0,73.2,0.0,0.0,27.22,40.454,30.348,20.959,3.719,17.24,3.909,2.7859,1.123,0.2263,0.0673,5.42,0.8
2024-06-21,30.6,28.0,29.3,90.0,64.0,75.0,0.0,0.0,28.58,40.449,30.344,22.007,3.527,18.48,4.0856,3.1062,0.9794,0.235,0.0673,5.86,0.3
2024-06-22,29.9,28.3,29.1,86.0,58.0,73.9,0.0,0.0,25.042,40.444,30.34,19.282,3.207,16.075,4.0326,2.8774,1.1552,0.2326,0.0673,5.09,1.7
2024-06-23,29.0,27.2,28.1,99.0,67.0,86.6,0.0,0.0,6.433,40.437,30.335,4.954,-0.238,5.191,3.8065,3.1276,0.679,0.2212,0.0673,1.62,18.6
2024-06-24,29.0,26.8,27.9,98.0,80.0,92.3,0.0,0.0,15.21,40.429,30.329,11.712,1.114,10.598,3.7647,3.3289,0.4358,0.219,0.0673,3.31,17.9
2024-06-25,29.0,26.9,27.95,97.0,73.0,88.1,0.0,0.0,18.014,40.42,30.322,13.871,1.645,12.226,3.7751,3.1811,0.5939,0.2195,0.0673,3.82,18.6
2024-06-26,30.3,27.6,28.95,98.0,67.0,85.2,0.0,0.0,20.808,40.409,30.314,16.022,2.059,13.964,4.0047,3.2555,0.7492,0.2309,0.0673,4.41,4.6
2024-06-27,31.5,28.1,29.8,92.0,58.0,77.0,0.0,0.0,23.015,40.398,30.306,17.721,2.62,15.101,4.212,3.0893,1.1227,0.2409,0.0673,4.82,5.8
2024-06-28,31.3,28.7,30.0,96.0,71.0,84.4,0.0,0.0,24.473,40.386,30.297,18.844,2.381,16.463,4.2533,3.512,0.7414,0.2434,0.0673,5.26,4.8
2024-06-29,30.8,28.7,29.75,94.0,67.0,81.6,0.0,0.0,23.357,40.372,30.287,17.985,2.402,15.582,4.1892,3.3382,0.851,0.2403,0.0673,4.97,1.1
2024-06-30,29.5,28.5,29.0,96.0,68.0,79.1,0.0,0.0,17.694,40.358,30.276,13.624,1.558,12.066,4.0071,3.2696,0.7375,0.2315,0.0673,3.81,1.1
2024-07-01,29.3,28.2,28.75,95.0,72.0,84.2,0.0,0.0,11.484,40.342,30.264,8.843,0.571,8.272,3.9499,3.2837,0.6662,0.2286,0.0673,2.61,7.4
2024-07-02,30.5,28.6,29.55,88.0,64.0,77.5,0.0,0.0,25.787,40.326,30.251,19.856,3.057,16.798,4.1401,3.1194,1.0208,0.238,0.0673,5.34,0.5
2024-07-03,31.1,28.9,30.0,87.0,63.0,74.8,0.0,0.0,27.684,40.308,30.238,21.317,3.35,17.966,4.2504,3.1557,1.0947,0.2434,0.0673,5.74,0.6
2024-07-04,31.1,28.6,29.85,90.0,61.0,75.3,0.0,0.0,23.119,40.289,30.224,17.802,2.595,15.207,4.2161,3.1394,1.0768,0.2415,0.0673,4.85,0.5
2024-07-05,31.7,28.6,30.15,94.0,55.0,77.4,0.0,0.0,22.086,40.269,30.209,17.006,2.446,14.561,4.2944,3.1251,1.1692,0.2452,0.0673,4.66,0.6
2024-07-06,32.2,28.9,30.55,95.0,61.0,79.2,0.0,0.0,20.934,40.247,30.193,16.119,2.04,14.079,4.3957,3.3584,1.0373,0.2501,0.0673,4.53,2.1
2024-07-07,32.1,29.4,30.75,94.0,52.0,75.0,0.0,0.0,20.653,40.225,30.176,15.903,2.179,13.724,4.4405,3.1699,1.2706,0.2526,0.0673,4.42,0.6
2024-07-08,31.6,29.1,30.35,93.0,52.0,73.6,0.0,0.0,22.32,40.201,30.158,17.186,2.545,14.641,4.3386,3.082,1.2566,0.2476,0.0673,4.7,0.0
2024-07-09,31.0,28.8,29.9,90.0,50.0,72.6,0.0,0.0,18.385,40.176,30.139,14.157,1.986,12.171,4.2261,2.905,1.3211,0.2422,0.0673,3.89,0.0
2024-07-10,31.5,28.5,30.0,93.0,48.0,72.1,0.0,0.0,20.812,40.15,30.12,16.025,2.434,13.591,4.2567,2.9188,1.3379,0.2434,0.0673,4.34,0.4
2024-07-11,30.0,27.9,28.95,89.0,52.0,72.0,0.0,0.0,14.296,40.123,30.099,11.008,1.27,9.738,4.0005,2.7755,1.225,0.2309,0.0673,3.08,3.6
2024-07-12,31.9,27.8,29.85,83.0,45.0,65.5,0.0,0.0,24.772,40.094,30.078,19.074,3.579,15.495,4.2321,2.6143,1.6178,0.2415,0.0673,4.94,0.0
2024-07-13,31.2,28.7,29.95,91.0,60.0,76.4,0.0,0.0,16.812,40.064,30.055,12.945,1.532,11.413,4.2404,3.1544,1.086,0.2428,0.0673,3.65,0.9
2024-07-14,31.0,29.2,30.1,85.0,60.0,73.5,0.0,0.0,24.296,40.033,30.032,18.708,2.915,15.793,4.2724,3.07,1.2024,0.2446,0.0673,5.05,2.3
2024-07-15,30.6,28.9,29.75,89.0,58.0,74.3,0.0,0.0,23.501,40.0,30.007,18.096,2.793,15.302,4.1869,3.0457,1.1412,0.2403,0.0673,4.88,2.2
2024-07-16,31.6,28.7,30.15,89.0,44.0,64.8,0.0,0.0,25.585,39.966,29.982,19.701,3.555,16.146,4.2926,2.7745,1.5181,0.2452,0.0673,5.17,0.5
2024-07-17,31.1,29.0,30.05,89.0,52.0,70.9,0.0,0.0,27.756,39.931,29.955,21.372,3.706,17.667,4.262,2.9573,1.3047,0.244,0.0673,5.65,2.6
2024-07-18,31.2,29.3,30.25,93.0,53.0,72.8,0.0,0.0,28.361,39.894,29.928,21.838,3.612,18.226,4.3098,3.0993,1.2105,0.2464,0.0673,5.84,10.6
2024-07-19,31.6,29.4,30.5,92.0,49.0,71.2,0.0,0.0,21.82,39.856,29.899,16.801,2.556,14.245,4.3738,3.0245,1.3493,0.2495,0.0673,4.58,1.8
2024-07-20,31.8,29.1,30.45,87.0,51.0,69.7,0.0,0.0,25.708,39.816,29.869,19.795,3.365,16.429,4.3651,2.9514,1.4137,0.2489,0.0673,5.28,3.5
2024-07-21,30.2,28.9,29.55,86.0,59.0,74.9,0.0,0.0,12.456,39.775,29.839,9.591,0.865,8.726,4.1373,2.9786,1.1586,0.238,0.0673,2.78,5.8
2024-07-22,31.1,28.5,29.8,93.0,67.0,83.0,0.0,0.0,26.41,39.733,29.807,20.335,2.964,17.372,4.2048,3.3231,0.8817,0.2409,0.0673,5.54,17.0
2024-07-23,31.0,29.3,30.15,80.0,53.0,68.0,0.0,0.0,26.892,39.689,29.774,20.707,3.783,16.924,4.2841,2.8208,1.4633,0.2452,0.0673,5.42,0.2
2024-07-24,31.3,28.9,30.1,75.0,54.0,65.0,0.0,0.0,26.622,39.643,29.739,20.499,3.874,16.625,4.2762,2.7273,1.5489,0.2446,0.0673,5.32,0.4
2024-07-25,30.7,28.9,29.8,79.0,52.0,67.5,0.0,0.0,28.31,39.596,29.704,21.799,4.219,17.58,4.1995,2.7214,1.4781,0.2409,0.0673,5.61,1.0
2024-07-26,30.5,28.5,29.5,91.0,47.0,72.6,0.0,0.0,20.387,39.547,29.667,15.698,2.517,13.181,4.1288,2.7967,1.3322,0.2374,0.0673,4.19,4.5
2024-07-27,32.1,28.5,30.3,94.0,46.0,72.4,0.0,0.0,22.385,39.497,29.63,17.236,2.797,14.439,4.3365,2.9287,1.4078,0.247,0.0673,4.63,4.6
2024-07-28,31.9,28.6,30.25,97.0,34.0,67.2,0.0,0.0,17.975,39.445,29.591,13.841,2.146,11.694,4.321,2.702,1.6189,0.2464,0.0673,3.75,0.5
2024-07-29,32.1,28.9,30.5,90.0,49.0,70.8,0.0,0.0,22.651,39.391,29.55,17.441,2.826,14.615,4.3821,2.9637,1.4185,0.2495,0.0673,4.7,2.3
2024-07-30,31.8,29.0,30.4,86.0,42.0,65.1,0.0,0.0,27.994,39.336,29.509,21.555,4.245,17.31,4.3535,2.7097,1.6438,0.2483,0.0673,5.56,0.1
2024-07-31,32.0,29.6,30.8,77.0,46.0,63.3,0.0,0.0,27.911,39.278,29.466,21.491,4.291,17.2,4.4507,2.6901,1.7607,0.2532,0.0673,5.54,0.5
2024-08-01,31.5,29.3,30.4,81.0,47.0,65.8,0.0,0.0,24.016,39.22,29.422,18.492,3.394,15.098,4.3489,2.7368,1.612,0.2483,0.0673,4.85,0.7
2024-08-02,30.9,29.1,30.0,78.0,52.0,68.2,0.0,0.0,18.392,39.159,29.376,14.162,2.227,11.935,4.248,2.7327,1.5153,0.2434,0.0673,3.81,3.4
2024-08-03,31.0,28.8,29.9,91.0,56.0,76.5,0.0,0.0,17.568,39.096,29.329,13.527,1.804,11.723,4.2261,3.0595,1.1666,0.2422,0.0673,3.74,2.7
2024-08-04,31.1,29.1,30.1,89.0,56.0,74.5,0.0,0.0,17.539,39.032,29.281,13.505,1.81,11.695,4.2736,3.058,1.2156,0.2446,0.0673,3.74,4.9
2024-08-05,31.8,29.1,30.45,97.0,51.0,72.2,0.0,0.0,22.687,38.966,29.232,17.469,2.658,14.812,4.3651,3.1528,1.2123,0.2489,0.0673,4.76,1.6
2024-08-06,31.4,29.2,30.3,89.0,47.0,71.4,0.0,0.0,16.578,38.898,29.181,12.765,1.773,10.992,4.3241,2.8833,1.4408,0.247,0.0673,3.52,2.5
2024-08-07,30.2,28.9,29.55,97.0,59.0,78.8,0.0,0.0,13.486,38.828,29.128,10.384,1.015,9.369,4.1373,3.1977,0.9396,0.238,0.0673,2.98,5.3
2024-08-08,30.5,29.0,29.75,93.0,59.0,81.5,0.0,0.0,17.028,38.757,29.074,13.112,1.664,11.447,4.186,3.1507,1.0353,0.2403,0.0673,3.65,17.2
2024-08-09,30.4,28.8,29.6,93.0,64.0,82.2,0.0,0.0,10.84,38.683,29.019,8.346,0.562,7.785,4.1505,3.2305,0.92,0.2385,0.0673,2.48,3.3
2024-08-10,31.4,28.2,29.8,96.0,49.0,73.7,0.0,0.0,27.565,38.607,28.962,21.225,3.826,17.399,4.21,2.9616,1.2484,0.2409,0.0673,5.55,0.0
2024-08-11,30.9,28.7,29.8,88.0,57.0,72.4,0.0,0.0,25.625,38.53,28.904,19.731,3.404,16.327,4.2019,3.0053,1.1966,0.2409,0.0673,5.21,3.0
2024-08-12,31.7,29.0,30.35,90.0,49.0,71.0,0.0,0.0,27.605,38.45,28.844,21.256,3.905,17.351,4.3402,2.9479,1.3923,0.2476,0.0673,5.57,3.9
2024-08-13,31.7,29.2,30.45,91.0,57.0,74.7,0.0,0.0,16.924,38.368,28.783,13.031,1.673,11.358,4.3635,3.1761,1.1874,0.2489,0.0673,3.65,0.7
2024-08-14,31.9,29.2,30.55,93.0,45.0,68.0,0.0,0.0,27.418,38.285,28.72,21.112,3.902,17.21,4.3901,2.9481,1.442,0.2501,0.0673,5.53,1.0
2024-08-15,31.7,29.0,30.35,89.0,51.0,68.9,0.0,0.0,21.636,38.199,28.656,16.66,2.744,13.915,4.3402,2.9746,1.3656,0.2476,0.0673,4.46,1.7
2024-08-16,30.6,29.1,29.85,86.0,61.0,74.2,0.0,0.0,19.368,38.111,28.59,14.913,2.208,12.705,4.2101,3.0718,1.1383,0.2415,0.0673,4.05,1.8
2024-08-17,31.3,28.9,30.1,86.0,46.0,65.8,0.0,0.0,22.558,38.022,28.523,17.369,3.192,14.177,4.2762,2.7636,1.5127,0.2446,0.0673,4.54,0.8
2024-08-18,30.2,28.9,29.55,90.0,52.0,75.2,0.0,0.0,10.865,37.93,28.454,8.366,0.69,7.676,4.1373,2.9081,1.2292,0.238,0.0673,2.44,6.1
2024-08-19,31.4,29.5,30.45,92.0,59.0,80.3,0.0,0.0,21.661,37.836,28.384,16.679,2.481,14.199,4.3594,3.2523,1.1071,0.2489,0.0673,4.56,17.0
2024-08-20,31.8,29.3,30.55,94.0,55.0,76.3,0.0,0.0,21.308,37.74,28.312,16.407,2.48,13.928,4.3885,3.2084,1.1801,0.2501,0.0673,4.48,4.1
2024-08-21,30.4,29.2,29.8,93.0,50.0,76.0,0.0,0.0,14.04,37.642,28.238,10.811,1.31,9.501,4.1968,2.9696,1.2272,0.2409,0.0673,3.03,18.9
2024-08-22,31.1,28.9,30.0,83.0,42.0,65.8,0.0,0.0,26.492,37.541,28.163,20.399,4.351,16.048,4.2504,2.6016,1.6488,0.2434,0.0673,5.13,1.7
2024-08-23,30.0,28.3,29.15,85.0,60.0,73.3,0.0,0.0,10.001,37.439,28.086,7.701,0.542,7.159,4.0448,2.9077,1.1371,0.2332,0.0673,2.27,0.7
2024-08-24,29.5,28.2,28.85,92.0,68.0,79.4,0.0,0.0,12.244,37.335,28.008,9.428,0.892,8.535,3.9735,3.1609,0.8126,0.2297,0.0673,2.69,2.9
2024-08-25,31.5,28.5,30.0,86.0,54.0,71.5,0.0,0.0,26.622,37.228,27.928,20.499,3.908,16.591,4.2567,2.9213,1.3355,0.2434,0.0673,5.3,3.8
2024-08-26,30.9,28.9,29.9,77.0,58.0,68.3,0.0,0.0,23.659,37.119,27.846,18.218,3.446,14.771,4.2248,2.8287,1.3961,0.2422,0.0673,4.72,0.5
2024-08-27,30.8,29.1,29.95,93.0,62.0,75.6,0.0,0.0,18.698,37.008,27.763,14.398,2.028,12.37,4.2353,3.2504,0.9849,0.2428,0.0673,3.95,3.4
2024-08-28,30.5,28.9,29.7,87.0,64.0,76.8,0.0,0.0,19.253,36.896,27.678,14.825,2.244,12.581,4.1744,3.1296,1.0448,0.2397,0.0673,4.01,8.0
2024-08-29,29.9,28.6,29.25,91.0,58.0,74.9,0.0,0.0,19.13,36.781,27.592,14.73,2.339,12.391,4.0664,3.0043,1.0621,0.2344,0.0673,3.93,4.0
2024-08-30,29.3,28.0,28.65,93.0,71.0,84.2,0.0,0.0,12.971,36.663,27.504,9.988,1.042,8.945,3.9278,3.2045,0.7233,0.2274,0.0673,2.82,10.0
2024-08-31,29.5,27.7,28.6,99.0,71.0,91.0,0.0,0.0,9.23,36.544,27.415,7.107,0.364,6.744,3.9186,3.3023,0.6164,0.2269,0.0673,2.12,33.8
2024-09-01,29.6,27.6,28.6,92.0,75.0,86.9,0.0,0.0,13.954,36.423,27.324,10.744,1.207,9.537,3.9197,3.2537,0.666,0.2269,0.0673,3.0,16.6
2024-09-02,30.0,28.1,29.05,91.0,67.0,79.6,0.0,0.0,17.136,36.3,27.231,13.195,1.869,11.326,4.0225,3.1513,0.8712,0.2321,0.0673,3.58,1.6
2024-09-03,30.4,28.5,29.45,93.0,70.0,81.5,0.0,0.0,24.948,36.174,27.137,19.21,3.098,16.112,4.1164,3.329,0.7874,0.2368,0.0673,5.12,1.1
2024-09-04,30.5,28.8,29.65,87.0,64.0,76.8,0.0,0.0,24.343,36.047,27.042,18.744,3.308,15.437,4.1629,3.1196,1.0433,0.2391,0.0673,4.92,0.2
2024-09-05,30.5,28.8,29.65,86.0,65.0,75.8,0.0,0.0,21.784,35.918,26.945,16.773,2.832,13.942,4.1629,3.1217,1.0413,0.2391,0.0673,4.44,1.5
2024-09-06,30.6,28.8,29.7,87.0,61.0,74.6,0.0,0.0,21.013,35.786,26.846,16.18,2.77,13.41,4.1755,3.0618,1.1137,0.2397,0.0673,4.27,0.7
2024-09-07,31.2,28.9,30.05,90.0,55.0,72.0,0.0,0.0,24.386,35.653,26.746,18.778,3.499,15.279,4.2633,3.0418,1.2215,0.244,0.0673,4.89,0.4
2024-09-08,30.9,28.5,29.7,86.0,63.0,74.4,0.0,0.0,23.684,35.518,26.645,18.237,3.306,14.931,4.1792,3.0804,1.0988,0.2397,0.0673,4.76,1.8
2024-09-09,31.0,29.3,30.15,86.0,60.0,73.6,0.0,0.0,19.076,35.381,26.542,14.689,2.407,12.282,4.2841,3.1003,1.1838,0.2452,0.0673,3.93,1.6
2024-09-10,30.7,28.8,29.75,93.0,63.0,80.9,0.0,0.0,15.84,35.241,26.437,12.197,1.672,10.524,4.188,3.2324,0.9556,0.2403,0.0673,3.35,5.2
2024-09-11,30.2,28.5,29.35,95.0,62.0,81.3,0.0,0.0,16.34,35.101,26.332,12.582,1.81,10.772,4.0917,3.1789,0.9128,0.2356,0.0673,3.42,11.4
2024-09-12,30.5,28.4,29.45,97.0,59.0,84.8,0.0,0.0,12.172,34.958,26.225,9.372,1.034,8.338,4.1176,3.1645,0.9531,0.2368,0.0673,2.65,12.5
2024-09-13,31.3,28.9,30.1,96.0,63.0,84.0,0.0,0.0,16.672,34.813,26.116,12.837,1.777,11.06,4.2762,3.3512,0.9251,0.2446,0.0673,3.54,6.6
2024-09-14,30.8,29.3,30.05,95.0,77.0,87.5,0.0,0.0,16.801,34.667,26.007,12.937,1.573,11.364,4.2587,3.646,0.6127,0.244,0.0673,3.63,9.8
2024-09-15,30.5,29.0,29.75,98.0,73.0,88.3,0.0,0.0,15.923,34.519,25.896,12.261,1.506,10.755,4.186,3.5565,0.6295,0.2403,0.0673,3.43,5.8
2024-09-16,31.1,28.9,30.0,97.0,67.0,87.3,0.0,0.0,14.058,34.37,25.784,10.825,1.281,9.543,4.2504,3.4452,0.8052,0.2434,0.0673,3.05,8.3
2024-09-17,29.7,28.4,29.05,98.0,75.0,89.5,0.0,0.0,5.605,34.219,25.67,4.316,-0.18,4.496,4.0197,3.4597,0.56,0.2321,0.0673,1.42,22.9
2024-09-18,30.2,28.3,29.25,97.0,61.0,83.5,0.0,0.0,15.016,34.066,25.556,11.562,1.646,9.916,4.0692,3.1746,0.8946,0.2344,0.0673,3.14,1.1
2024-09-19,29.5,28.3,28.9,97.0,62.0,84.4,0.0,0.0,14.27,33.912,25.44,10.988,1.526,9.463,3.9847,3.1436,0.841,0.2303,0.0673,2.99,4.8
2024-09-20,29.5,27.9,28.7,96.0,70.0,85.5,0.0,0.0,18.356,33.756,25.323,14.134,2.245,11.889,3.9404,3.2468,0.6936,0.228,0.0673,3.75,6.6
2024-09-21,29.9,28.3,29.1,95.0,66.0,83.5,0.0,0.0,17.197,33.599,25.205,13.242,2.076,11.166,4.0326,3.2193,0.8134,0.2326,0.0673,3.53,1.4
2024-09-22,30.3,28.4,29.35,96.0,59.0,79.0,0.0,0.0,18.914,33.441,25.086,14.564,2.531,12.033,4.0927,3.1305,0.9623,0.2356,0.0673,3.82,1.1
2024-09-23,30.9,28.1,29.5,84.0,61.0,73.3,0.0,0.0,24.088,33.281,24.967,18.547,3.886,14.661,4.1345,2.9593,1.1752,0.2374,0.0673,4.66,0.0
2024-09-24,30.9,29.1,30.0,87.0,67.0,79.1,0.0,0.0,16.664,33.12,24.846,12.832,2.016,10.815,4.248,3.249,0.9989,0.2434,0.0673,3.46,4.2
2024-09-25,30.7,29.1,29.9,87.0,66.0,79.0,0.0,0.0,17.114,32.958,24.724,13.178,2.156,11.022,4.2227,3.21,1.0127,0.2422,0.0673,3.52,8.1
2024-09-26,31.0,29.2,30.1,88.0,51.0,70.9,0.0,0.0,19.076,32.794,24.602,14.689,2.902,11.787,4.2724,2.9286,1.3438,0.2446,0.0673,3.77,0.5
2024-09-27,31.3,29.2,30.25,87.0,59.0,74.5,0.0,0.0,16.952,32.63,24.478,13.053,2.262,10.791,4.3111,3.1108,1.2002,0.2464,0.0673,3.46,0.2
2024-09-28,31.7,28.8,30.25,93.0,56.0,77.3,0.0,0.0,17.082,32.464,24.354,13.153,2.27,10.883,4.3172,3.1502,1.167,0.2464,0.0673,3.49,2.6
2024-09-29,31.4,28.9,30.15,92.0,61.0,78.0,0.0,0.0,22.36,32.298,24.229,17.217,3.281,13.936,4.2893,3.2337,1.0555,0.2452,0.0673,4.46,0.4
2024-09-30,31.6,28.9,30.25,91.0,56.0,75.5,0.0,0.0,21.956,32.131,24.104,16.906,3.399,13.508,4.3155,3.1136,1.2019,0.2464,0.0673,4.33,0.0
2024-10-01,30.9,28.6,29.75,86.0,50.0,70.0,0.0,0.0,23.292,31.963,23.978,17.935,4.197,13.738,4.1905,2.7998,1.3908,0.2403,0.0673,4.38,0.0
2024-10-02,30.9,28.7,29.8,91.0,53.0,70.2,0.0,0.0,22.885,31.794,23.851,17.622,3.847,13.774,4.2019,2.975,1.2269,0.2409,0.0673,4.39,1.7
2024-10-03,31.2,28.6,29.9,85.0,48.0,67.9,0.0,0.0,15.264,31.625,23.724,11.753,2.309,9.444,4.229,2.754,1.475,0.2422,0.0673,3.02,0.0
2024-10-04,30.3,28.9,29.6,91.0,68.0,74.9,0.0,0.0,19.202,31.455,23.597,14.786,2.666,12.119,4.1496,3.2797,0.8699,0.2385,0.0673,3.86,1.0
2024-10-05,30.6,28.6,29.6,82.0,56.0,69.4,0.0,0.0,22.37,31.285,23.469,17.225,4.026,13.2,4.1527,2.8343,1.3183,0.2385,0.0673,4.2,3.0
2024-10-06,29.7,27.9,28.8,97.0,57.0,72.0,0.0,0.0,12.316,31.114,23.341,9.483,1.434,8.049,3.9643,3.0112,0.953,0.2292,0.0673,2.54,7.7
2024-10-07,28.1,27.1,27.6,98.0,79.0,95.8,0.0,0.0,2.686,30.943,23.212,2.068,-0.678,2.746,3.6942,3.2591,0.4351,0.2157,0.0673,0.85,52.5
2024-10-08,29.6,27.1,28.35,97.0,79.0,88.9,0.0,0.0,9.335,30.771,23.084,7.188,0.657,6.531,3.8665,3.3773,0.4892,0.224,0.0673,2.05,9.6
2024-10-09,30.6,28.4,29.5,95.0,69.0,82.7,0.0,0.0,17.935,30.599,22.955,13.81,2.426,11.384,4.1301,3.3527,0.7774,0.2374,0.0673,3.62,3.0
2024-10-10,29.9,27.4,28.65,98.0,68.0,79.5,0.0,0.0,17.132,30.428,22.826,13.192,2.393,10.799,3.9343,3.2228,0.7115,0.2274,0.0673,3.4,7.8
2024-10-11,29.0,27.2,28.1,83.0,62.0,71.9,0.0,0.0,19.019,30.256,22.697,14.644,3.417,11.227,3.8065,2.7388,1.0677,0.2212,0.0673,3.51,0.4
2024-10-12,29.0,27.3,28.15,88.0,68.0,77.1,0.0,0.0,17.28,30.084,22.568,13.306,2.741,10.565,3.8171,2.9585,0.8586,0.2218,0.0673,3.31,1.7
2024-10-13,29.3,27.7,28.5,99.0,77.0,88.1,0.0,0.0,10.433,29.912,22.44,8.033,0.919,7.114,3.895,3.4078,0.4873,0.2257,0.0673,2.24,11.4
2024-10-14,28.5,27.3,27.9,97.0,67.0,85.7,0.0,0.0,18.137,29.741,22.311,13.965,2.859,11.106,3.76,3.0635,0.6965,0.219,0.0673,3.47,2.8
2024-10-15,28.0,26.9,27.45,91.0,65.0,78.6,0.0,0.0,10.721,29.57,22.182,8.255,1.26,6.995,3.6622,2.8412,0.821,0.214,0.0673,2.17,0.2
2024-10-16,27.9,26.4,27.15,99.0,64.0,82.9,0.0,0.0,9.536,29.399,22.054,7.343,0.945,6.398,3.5999,2.9062,0.6936,0.2108,0.0673,1.98,6.8
2024-10-17,27.1,26.1,26.6,96.0,69.0,79.6,0.0,0.0,7.218,29.228,21.927,5.558,0.386,5.172,3.4838,2.8603,0.6235,0.2049,0.0673,1.59,8.6
2024-10-18,27.7,26.5,27.1,97.0,79.0,90.8,0.0,0.0,4.781,29.059,21.799,3.681,-0.197,3.878,3.5882,3.1463,0.4419,0.2102,0.0673,1.2,22.0
2024-10-19,28.0,26.1,27.05,78.0,56.0,69.2,0.0,0.0,18.022,28.889,21.672,13.877,3.82,10.056,3.5806,2.3771,1.2035,0.2097,0.0673,3.11,0.1
2024-10-20,28.2,25.8,27.0,78.0,52.0,67.1,0.0,0.0,20.959,28.721,21.546,16.139,4.913,11.225,3.573,2.2898,1.2832,0.2092,0.0673,3.47,0.0
2024-10-21,28.3,26.2,27.25,81.0,63.0,71.8,0.0,0.0,16.416,28.553,21.42,12.64,3.137,9.504,3.6239,2.5892,1.0347,0.2118,0.0673,2.94,1.3
2024-10-22,28.3,26.6,27.45,86.0,66.0,78.0,0.0,0.0,19.872,28.386,21.295,15.301,3.902,11.399,3.6645,2.7668,0.8977,0.214,0.0673,3.54,2.4
2024-10-23,28.3,26.5,27.4,86.0,63.0,75.4,0.0,0.0,20.477,28.22,21.17,15.767,4.205,11.562,3.6543,2.7003,0.9539,0.2135,0.0673,3.59,0.0
2024-10-24,27.3,25.9,26.6,87.0,68.0,77.3,0.0,0.0,14.828,28.056,21.047,11.418,2.63,8.788,3.4851,2.6873,0.7978,0.2049,0.0673,2.7,0.9
2024-10-25,27.8,26.1,26.95,85.0,56.0,69.0,0.0,0.0,20.581,27.892,20.924,15.848,4.643,11.204,3.5587,2.4832,1.0756,0.2086,0.0673,3.46,0.0
2024-10-26,27.7,25.6,26.65,76.0,58.0,68.1,0.0,0.0,20.174,27.729,20.802,15.534,4.809,10.725,3.4986,2.3246,1.174,0.2054,0.0673,3.3,0.0
2024-10-27,27.1,24.7,25.9,69.0,55.0,63.1,0.0,0.0,20.002,27.568,20.681,15.401,5.213,10.188,3.349,2.0597,1.2892,0.1977,0.0673,3.1,0.0
2024-10-28,28.1,25.9,27.0,71.0,54.0,60.8,0.0,0.0,16.661,27.408,20.561,12.829,3.901,8.928,3.5718,2.2128,1.359,0.2092,0.0673,2.76,0.0
2024-10-29,27.6,26.5,27.05,71.0,57.0,66.0,0.0,0.0,6.052,27.25,20.443,4.66,0.254,4.406,3.5774,2.2815,1.296,0.2097,0.0673,1.36,0.9
2024-10-30,27.9,26.2,27.05,79.0,58.0,68.6,0.0,0.0,15.793,27.093,20.325,12.161,3.386,8.775,3.5797,2.4334,1.1463,0.2097,0.0673,2.71,1.9
2024-10-31,27.5,25.5,26.5,71.0,59.0,66.7,0.0,0.0,14.915,26.938,20.208,11.484,3.332,8.152,3.4673,2.2415,1.2258,0.2039,0.0673,2.5,0.9
2024-11-01,27.7,26.1,26.9,76.0,58.0,68.1,0.0,0.0,19.48,26.785,20.093,14.999,4.757,10.242,3.5479,2.3621,1.1858,0.2081,0.0673,3.16,0.1
2024-11-02,27.9,26.1,27.0,88.0,62.0,73.0,0.0,0.0,19.278,26.633,19.98,14.844,4.246,10.599,3.5697,2.6528,0.9169,0.2092,0.0673,3.27,1.3
2024-11-03,27.8,26.0,26.9,74.0,58.0,67.5,0.0,0.0,18.864,26.483,19.867,14.525,4.683,9.843,3.5488,2.3272,1.2216,0.2081,0.0673,3.03,0.2
2024-11-04,27.8,26.1,26.95,86.0,59.0,71.8,0.0,0.0,14.656,26.335,19.756,11.285,3.01,8.275,3.5587,2.5561,1.0026,0.2086,0.0673,2.55,2.7
2024-11-05,28.2,26.7,27.45,93.0,71.0,83.8,0.0,0.0,13.072,26.19,19.647,10.065,2.152,7.913,3.6636,2.9865,0.6771,0.214,0.0673,2.46,5.0
2024-11-06,28.3,27.0,27.65,93.0,74.0,85.2,0.0,0.0,14.137,26.046,19.539,10.886,2.372,8.514,3.7059,3.0811,0.6248,0.2162,0.0673,2.65,3.4
2024-11-07,28.1,26.6,27.35,86.0,66.0,78.4,0.0,0.0,14.08,25.904,19.433,10.841,2.706,8.135,3.6423,2.7521,0.8901,0.2129,0.0673,2.52,0.5
2024-11-08,27.9,26.1,27.0,85.0,68.0,76.3,0.0,0.0,17.644,25.765,19.328,13.586,3.839,9.746,3.5697,2.7148,0.8549,0.2092,0.0673,3.01,1.1
2024-11-09,27.7,25.8,26.75,86.0,64.0,75.7,0.0,0.0,15.505,25.628,19.226,11.939,3.327,8.612,3.5182,2.617,0.9011,0.2065,0.0673,2.65,0.4
2024-11-10,27.7,26.0,26.85,92.0,69.0,79.1,0.0,0.0,10.84,25.493,19.125,8.346,1.725,6.622,3.5379,2.8277,0.7102,0.2076,0.0673,2.04,1.9
2024-11-11,29.1,26.0,27.55,96.0,72.0,89.8,0.0,0.0,6.826,25.361,19.025,5.256,0.511,4.744,3.6952,3.0639,0.6313,0.2151,0.0673,1.47,6.5
2024-11-12,28.3,26.4,27.35,98.0,71.0,85.6,0.0,0.0,17.708,25.232,18.928,13.635,3.484,10.152,3.6441,3.0519,0.5922,0.2129,0.0673,3.15,1.7
2024-11-13,27.4,25.4,26.4,85.0,65.0,75.7,0.0,0.0,16.402,25.105,18.833,12.629,3.775,8.854,3.447,2.5649,0.882,0.2028,0.0673,2.71,0.3
2024-11-14,26.6,24.5,25.55,76.0,44.0,63.1,0.0,0.0,17.802,24.98,18.74,13.708,5.288,8.419,3.2786,1.9345,1.3441,0.1941,0.0673,2.55,0.0
2024-11-15,26.6,24.8,25.7,89.0,53.0,73.2,0.0,0.0,17.107,24.859,18.648,13.173,4.412,8.761,3.3064,2.3158,0.9906,0.1956,0.0673,2.66,0.0
2024-11-16,25.7,22.9,24.3,88.0,45.0,61.5,0.0,0.0,16.207,24.74,18.559,12.48,4.564,7.916,3.0474,1.9717,1.0757,0.1819,0.0673,2.36,0.0
2024-11-17,26.0,24.1,25.05,74.0,49.0,61.3,0.0,0.0,5.695,24.624,18.472,4.385,0.373,4.012,3.1817,1.9342,1.2474,0.1892,0.0673,1.21,0.1
2024-11-18,26.1,24.2,25.15,75.0,47.0,60.6,0.0,0.0,11.272,24.511,18.387,8.679,2.701,5.978,3.2006,1.9271,1.2736,0.1902,0.0673,1.8,0.0
2024-11-19,26.7,24.3,25.5,75.0,43.0,62.0,0.0,0.0,14.047,24.401,18.305,10.816,3.945,6.871,3.2706,1.8924,1.3781,0.1936,0.0673,2.08,0.0
2024-11-20,26.3,24.3,25.3,84.0,47.0,65.3,0.0,0.0,12.611,24.294,18.225,9.71,3.138,6.572,3.2298,2.08,1.1497,0.1916,0.0673,1.98,0.0
2024-11-21,26.5,23.7,25.1,92.0,72.0,84.5,0.0,0.0,13.028,24.19,18.147,10.032,2.751,7.28,3.1963,2.5944,0.6019,0.1897,0.0673,2.19,3.0
2024-11-22,23.2,21.0,22.1,86.0,48.0,63.6,0.0,0.0,18.011,24.089,18.071,13.868,5.739,8.129,2.6653,1.7519,0.9134,0.162,0.0673,2.34,0.0
2024-11-23,22.5,21.0,21.75,79.0,49.0,64.5,0.0,0.0,17.928,23.991,17.998,13.805,5.909,7.896,2.6063,1.6501,0.9562,0.159,0.0673,2.26,0.0
2024-11-24,24.1,21.0,22.55,81.0,48.0,68.3,0.0,0.0,16.819,23.897,17.927,12.951,5.361,7.59,2.7444,1.7277,1.0168,0.1659,0.0673,2.2,0.0
2024-11-25,25.2,23.1,24.15,79.0,52.0,67.3,0.0,0.0,9.191,23.806,17.859,7.077,1.909,5.168,3.0161,1.9499,1.0662,0.1805,0.0673,1.54,0.0
2024-11-26,25.9,23.8,24.85,86.0,54.0,71.5,0.0,0.0,16.96,23.718,17.793,13.059,4.846,8.213,3.145,2.17,0.975,0.1872,0.0673,2.46,0.0
2024-11-27,25.7,23.6,24.65,87.0,50.0,71.7,0.0,0.0,17.01,23.634,17.73,13.098,5.012,8.086,3.1077,2.0927,1.0149,0.1853,0.0673,2.42,0.2
2024-11-28,27.0,24.3,25.65,95.0,58.0,80.5,0.0,0.0,16.798,23.553,17.669,12.934,4.366,8.568,3.3017,2.477,0.8247,0.1951,0.0673,2.6,0.2
2024-11-29,26.8,24.3,25.55,97.0,69.0,87.8,0.0,0.0,14.573,23.476,17.611,11.221,3.307,7.914,3.2809,2.6891,0.5917,0.1941,0.0673,2.4,2.2
2024-11-30,25.7,24.1,24.9,95.0,68.0,83.1,0.0,0.0,15.559,23.402,17.556,11.981,3.816,8.164,3.1521,2.5487,0.6034,0.1877,0.0673,2.45,0.6
2024-12-01,25.2,23.5,24.35,93.0,67.0,82.5,0.0,0.0,10.354,23.332,17.503,7.972,2.106,5.867,3.0506,2.4203,0.6303,0.1824,0.0673,1.75,0.9
2024-12-02,24.7,22.3,23.5,88.0,57.0,72.2,0.0,0.0,15.091,23.265,17.453,11.62,4.299,7.321,2.9021,2.0716,0.8306,0.1745,0.0673,2.16,0.1
2024-12-03,22.8,20.5,21.65,67.0,41.0,55.3,0.0,0.0,16.913,23.202,17.406,13.023,6.26,6.763,2.5936,1.3769,1.2167,0.1582,0.0673,1.94,0.0
2024-12-04,22.6,19.8,21.2,57.0,46.0,52.9,0.0,0.0,15.178,23.143,17.361,11.687,5.534,6.153,2.5258,1.2889,1.2369,0.1544,0.0673,1.75,0.1
2024-12-05,23.6,21.4,22.5,81.0,46.0,59.3,0.0,0.0,11.03,23.087,17.319,8.493,3.005,5.488,2.7309,1.7022,1.0286,0.1655,0.0673,1.59,0.0
2024-12-06,24.0,22.0,23.0,86.0,50.0,70.0,0.0,0.0,14.663,23.035,17.28,11.29,4.438,6.852,2.8139,1.8829,0.9311,0.1699,0.0673,2.0,0.0
2024-12-07,24.1,21.4,22.75,87.0,58.0,74.2,0.0,0.0,16.265,22.987,17.244,12.524,4.966,7.558,2.7753,1.9793,0.7961,0.1677,0.0673,2.2,0.5
2024-12-08,23.9,20.8,22.35,81.0,52.0,66.3,0.0,0.0,16.445,22.942,17.211,12.662,5.411,7.251,2.7113,1.7661,0.9452,0.1642,0.0673,2.1,0.0
2024-12-09,24.5,21.9,23.2,74.0,48.0,62.8,0.0,0.0,16.276,22.902,17.18,12.532,5.513,7.019,2.8513,1.7102,1.141,0.1717,0.0673,2.06,0.0
2024-12-10,25.3,22.9,24.1,84.0,52.0,67.5,0.0,0.0,15.415,22.865,17.153,11.87,4.675,7.195,3.0087,2.0113,0.9974,0.18,0.0673,2.14,0.0
2024-12-11,26.2,23.2,24.7,93.0,47.0,76.3,0.0,0.0,15.858,22.832,17.128,12.211,4.727,7.484,3.1225,2.1216,1.0009,0.1858,0.0673,2.24,0.0
2024-12-12,23.9,22.6,23.25,97.0,70.0,82.0,0.0,0.0,4.997,22.803,17.106,3.848,0.209,3.639,2.8541,2.3681,0.486,0.1722,0.0673,1.07,1.1
2024-12-13,24.3,22.6,23.45,85.0,66.0,74.2,0.0,0.0,5.735,22.778,17.087,4.416,0.524,3.892,2.8901,2.168,0.7221,0.174,0.0673,1.15,2.0
2024-12-14,25.1,23.3,24.2,86.0,67.0,74.1,0.0,0.0,14.119,22.756,17.071,10.872,3.755,7.117,3.0238,2.2977,0.7261,0.181,0.0673,2.12,2.1
2024-12-15,25.2,23.6,24.4,98.0,70.0,79.3,0.0,0.0,11.106,22.739,17.058,8.552,2.368,6.184,3.0594,2.5494,0.51,0.1829,0.0673,1.84,6.4
2024-12-16,25.7,24.1,24.9,93.0,72.0,85.2,0.0,0.0,11.34,22.726,17.048,8.732,2.437,6.295,3.1521,2.5847,0.5674,0.1877,0.0673,1.89,4.2
2024-12-17,25.9,24.5,25.2,95.0,70.0,83.2,0.0,0.0,15.311,22.716,17.041,11.789,3.787,8.002,3.2081,2.63,0.5781,0.1907,0.0673,2.41,2.2
2024-12-18,26.2,24.4,25.3,95.0,70.0,84.8,0.0,0.0,15.196,22.71,17.037,11.701,3.736,7.964,3.2288,2.6422,0.5866,0.1916,0.0673,2.41,1.2
2024-12-19,26.0,24.0,25.0,99.0,69.0,89.5,0.0,0.0,11.002,22.709,17.036,8.471,2.278,6.193,3.1727,2.6367,0.5359,0.1887,0.0673,1.86,2.5
2024-12-20,25.3,22.8,24.05,96.0,60.0,81.5,0.0,0.0,16.078,22.711,17.037,12.38,4.514,7.866,3.0002,2.2998,0.7005,0.1796,0.0673,2.33,0.0
2024-12-21,23.7,21.6,22.65,93.0,53.0,72.2,0.0,0.0,16.042,22.717,17.042,12.352,4.95,7.402,2.7554,1.9764,0.779,0.1668,0.0673,2.15,0.2
2024-12-22,23.5,21.5,22.5,78.0,43.0,61.2,0.0,0.0,16.132,22.727,17.05,12.421,5.617,6.804,2.73,1.6227,1.1073,0.1655,0.0673,1.97,0.0
2024-12-23,24.2,22.5,23.35,70.0,40.0,57.5,0.0,0.0,12.542,22.741,17.06,9.658,4.024,5.634,2.8728,1.5579,1.3148,0.1731,0.0673,1.66,0.0
2024-12-24,24.4,22.7,23.55,90.0,66.0,76.1,0.0,0.0,11.966,22.759,17.074,9.214,2.945,6.269,2.9076,2.2501,0.6575,0.1749,0.0673,1.85,1.7
2024-12-25,24.6,22.6,23.6,92.0,65.0,80.5,0.0,0.0,9.497,22.781,17.09,7.313,1.967,5.346,2.9176,2.2667,0.651,0.1754,0.0673,1.58,0.2
2024-12-26,25.1,22.9,24.0,84.0,54.0,70.8,0.0,0.0,9.382,22.807,17.109,7.224,2.094,5.129,2.9896,2.0333,0.9563,0.1791,0.0673,1.52,0.0
2024-12-27,24.8,23.5,24.15,78.0,62.0,69.1,0.0,0.0,6.602,22.837,17.132,5.084,0.895,4.189,3.0129,2.0996,0.9133,0.1805,0.0673,1.25,0.4
2024-12-28,25.0,23.5,24.25,94.0,67.0,82.0,0.0,0.0,4.514,22.871,17.157,3.476,0.024,3.452,3.0317,2.4221,0.6095,0.1815,0.0673,1.03,11.4
2024-12-29,24.5,23.0,23.75,82.0,61.0,67.8,0.0,0.0,5.09,22.908,17.185,3.92,0.262,3.658,2.942,2.0896,0.8524,0.1768,0.0673,1.08,0.4
2024-12-30,25.1,22.7,23.9,97.0,47.0,74.0,0.0,0.0,12.812,22.949,17.216,9.866,3.444,6.422,2.9728,2.0869,0.8859,0.1782,0.0673,1.9,0.0
2024-12-31,25.9,19.4,22.65,94.0,53.0,80.7,0.0,0.0,12.956,22.995,17.25,9.976,3.612,6.365,2.7972,1.9444,0.8529,0.1668,0.0673,1.85,0.8
